{"cameraMode":{"drawMode":0,"name":"Shaded","section":"Shading Mode"},"sceneLighting":true,"audioPlay":false,"sceneViewState":{"showFog":true,"showMaterialUpdate":false,"showSkybox":true,"showFlares":true,"showImageEffects":true,"showParticleSystems":true},"in2DMode":false,"pivot":{"x":1.4510232210159302,"y":2.2513766288757326,"z":14.27243423461914},"rotation":{"x":0.0371793732047081,"y":0.009590188972651959,"z":0.00035678385756909847,"w":-0.9992625713348389},"size":17.04958152770996,"orthographic":false}