{"cameraMode":{"drawMode":0,"name":"Shaded","section":"Shading Mode"},"sceneLighting":true,"audioPlay":false,"sceneViewState":{"showFog":true,"showMaterialUpdate":false,"showSkybox":true,"showFlares":true,"showImageEffects":true,"showParticleSystems":true,"showVisualEffectGraphs":true,"m_FxEnabled":true},"in2DMode":false,"pivot":{"x":-0.45964252948760989,"y":13.055411338806153,"z":0.7469602227210999},"rotation":{"x":0.14379136264324189,"y":0.5415982604026794,"z":-0.09431476891040802,"w":0.8229652643203735},"size":6.655972957611084,"orthographic":false}