{"cameraMode":{"drawMode":0,"name":"Shaded","section":"Shading Mode"},"sceneLighting":false,"audioPlay":false,"sceneViewState":{"showFog":true,"showMaterialUpdate":false,"showSkybox":false,"showFlares":true,"showImageEffects":true,"showParticleSystems":true},"in2DMode":false,"pivot":{"x":0.004914760589599609,"y":1.3404004573822022,"z":1.3299999237060547},"rotation":{"x":0.3091195523738861,"y":-0.027100590988993646,"z":0.008812080137431622,"w":0.9505961537361145},"size":5.638439178466797,"orthographic":false}