{"cameraMode":{"drawMode":0,"name":"Shaded","section":"Shading Mode"},"sceneLighting":true,"audioPlay":false,"sceneViewState":{"showFog":true,"showMaterialUpdate":false,"showSkybox":true,"showFlares":true,"showImageEffects":true,"showParticleSystems":true},"in2DMode":false,"pivot":{"x":0.011357009410858155,"y":1.3404004573822022,"z":-0.06300005316734314},"rotation":{"x":0.3091195523738861,"y":-0.027100590988993646,"z":0.008812080137431622,"w":0.9505961537361145},"size":12.561924934387207,"orthographic":false}