{"cameraMode":{"drawMode":0,"name":"Shaded","section":"Shading Mode"},"sceneLighting":false,"audioPlay":false,"sceneViewState":{"showFog":true,"showMaterialUpdate":false,"showSkybox":false,"showFlares":true,"showImageEffects":true,"showParticleSystems":true},"in2DMode":false,"pivot":{"x":-0.3614506721496582,"y":1.4114024639129639,"z":1.6938841342926026},"rotation":{"x":-0.14497177302837373,"y":0.8279168009757996,"z":-0.24959716200828553,"w":-0.4808725118637085},"size":1.4898464679718018,"orthographic":false}