{"cameraMode":{"drawMode":0,"name":"Shaded","section":"Shading Mode"},"sceneLighting":true,"audioPlay":false,"sceneViewState":{"showFog":true,"showMaterialUpdate":false,"showSkybox":true,"showFlares":true,"showImageEffects":true,"showParticleSystems":true},"in2DMode":false,"pivot":{"x":125.28975677490235,"y":14.29549789428711,"z":78.85064697265625},"rotation":{"x":-0.13888077437877656,"y":0.5808457136154175,"z":-0.10138748586177826,"w":-0.7956475019454956},"size":107.56233215332031,"orthographic":false}